-- ============================================================================
-- migrations/seeds/dev_fixtures.sql
--
-- Dev / demo fixtures for FE + Mobile teams. Idempotent: every INSERT uses
-- ON CONFLICT DO NOTHING (either against a UNIQUE column / partial index, or
-- against the deterministic UUID primary keys assigned below). A second run
-- is a no-op.
--
-- Pre-req: base seed (5 system roles + super admin) must have run — i.e.
-- start the server once before running this file. The fixtures look up role
-- IDs by name, so they need those rows to exist.
--
-- Usage:
--     make seed-dev
--   # or
--     psql "$DATABASE_URL" -v ON_ERROR_STOP=1 -f migrations/seeds/dev_fixtures.sql
--
-- All 19 dev users share password "Exnodes@2026"; emails follow the pattern
-- <firstname>.<lastname>@exnodes.vn (e.g. nguyen.an@exnodes.vn). Each
-- password_hash is generated at INSERT time via pgcrypto's
--   crypt('Exnodes@2026', gen_salt('bf', 12))
-- which emits a $2a$12$... hash that golang.org/x/crypto/bcrypt verifies.
--
-- Deterministic UUID scheme (so cross-table FKs are readable + PK conflicts
-- give us free idempotency on tables that have no natural unique key):
--     11111111-...  departments
--     22222222-...  positions
--     33333333-...  skills
--     44444444-...  labels
--     55555555-...  users
--     66666666-...  employees
--     77777777-...  dependents
--     88888888-...  employee_skills
--     99999999-...  employee_leave_quotas
--     aaaaaaaa-...  leave_requests
--     bbbbbbbb-...  attendance
--     cccccccc-...  announcements
--     dddddddd-...  attendance_sessions
-- ============================================================================

BEGIN;

-- ---------------------------------------------------------------------------
-- Informational guard. The DO block only logs; control flow is handled by
-- the ON CONFLICT DO NOTHING on every INSERT below.
-- ---------------------------------------------------------------------------
DO $$
DECLARE n INT;
BEGIN
    SELECT COUNT(*) INTO n FROM employees WHERE is_deleted = false;
    IF n > 1 THEN
        RAISE NOTICE 'dev_fixtures: detected % live employees — re-running is a no-op via ON CONFLICT', n;
    END IF;
END $$;


-- ============================================================================
-- 1. Departments (2 new, on top of the 4 the base seed already creates)
-- ============================================================================
INSERT INTO departments (id, name, description, parent_id) VALUES
    ('11111111-0000-0000-0000-000000000005', 'Marketing', 'Marketing & communications', NULL),
    ('11111111-0000-0000-0000-000000000006', 'Finance',   'Finance & accounting',      NULL)
ON CONFLICT DO NOTHING;


-- ============================================================================
-- 2. Positions
--    We attach to either the base-seeded departments (looked up by name) or
--    the two new ones above. department_id is resolved via subquery so the
--    file does not need to hard-code the base-seed UUIDs.
-- ============================================================================
INSERT INTO positions (id, name, description, department_id)
SELECT * FROM (VALUES
    ('22222222-0000-0000-0000-000000000001'::uuid, 'Senior Software Engineer', 'Backend senior',  (SELECT id FROM departments WHERE LOWER(name) = 'backend'           AND is_deleted = false)),
    ('22222222-0000-0000-0000-000000000002'::uuid, 'Junior Software Engineer', 'Backend junior',  (SELECT id FROM departments WHERE LOWER(name) = 'backend'           AND is_deleted = false)),
    ('22222222-0000-0000-0000-000000000003'::uuid, 'Senior Mobile Engineer',   'Mobile senior',   (SELECT id FROM departments WHERE LOWER(name) = 'mobile'            AND is_deleted = false)),
    ('22222222-0000-0000-0000-000000000004'::uuid, 'Junior Mobile Engineer',   'Mobile junior',   (SELECT id FROM departments WHERE LOWER(name) = 'mobile'            AND is_deleted = false)),
    -- NOTE: HR Specialist is already created by the runtime SeedService.
    -- Employees referencing it below look it up by name to avoid colliding
    -- with the (department_id, lower(name)) partial unique index.
    ('22222222-0000-0000-0000-000000000006'::uuid, 'Marketing Lead',           'Marketing lead',  '11111111-0000-0000-0000-000000000005'),
    ('22222222-0000-0000-0000-000000000007'::uuid, 'Accountant',               'General ledger',  '11111111-0000-0000-0000-000000000006')
) AS v(id, name, description, department_id)
WHERE department_id IS NOT NULL
ON CONFLICT DO NOTHING;


-- ============================================================================
-- 3. Skills (20)
-- ============================================================================
INSERT INTO skills (id, name, description) VALUES
    ('33333333-0000-0000-0000-000000000001', 'Go',         'Golang backend'),
    ('33333333-0000-0000-0000-000000000002', 'React',      'React + hooks'),
    ('33333333-0000-0000-0000-000000000003', 'PostgreSQL', 'Relational DB'),
    ('33333333-0000-0000-0000-000000000004', 'TypeScript', 'Typed JS'),
    ('33333333-0000-0000-0000-000000000005', 'Docker',     'Containers'),
    ('33333333-0000-0000-0000-000000000006', 'Kubernetes', 'Orchestration'),
    ('33333333-0000-0000-0000-000000000007', 'AWS',        'Cloud — AWS'),
    ('33333333-0000-0000-0000-000000000008', 'Figma',      'UI design'),
    ('33333333-0000-0000-0000-000000000009', 'Excel',      'Spreadsheets'),
    ('33333333-0000-0000-0000-000000000010', 'English',    'Business English'),
    ('33333333-0000-0000-0000-000000000011', 'Photoshop',  'Image editing'),
    ('33333333-0000-0000-0000-000000000012', 'SQL',        'Querying'),
    ('33333333-0000-0000-0000-000000000013', 'Python',     'Scripting + data'),
    ('33333333-0000-0000-0000-000000000014', 'Java',       'JVM backend'),
    ('33333333-0000-0000-0000-000000000015', 'Vue',        'Vue 3'),
    ('33333333-0000-0000-0000-000000000016', 'Next.js',    'React meta-framework'),
    ('33333333-0000-0000-0000-000000000017', 'Tailwind',   'Utility CSS'),
    ('33333333-0000-0000-0000-000000000018', 'GraphQL',    'API spec'),
    ('33333333-0000-0000-0000-000000000019', 'gRPC',       'RPC framework'),
    ('33333333-0000-0000-0000-000000000020', 'Redis',      'In-memory store')
ON CONFLICT DO NOTHING;


-- ============================================================================
-- 4. Announcement labels (5)
-- ============================================================================
INSERT INTO labels (id, name) VALUES
    ('44444444-0000-0000-0000-000000000001', 'Thông báo chung'),
    ('44444444-0000-0000-0000-000000000002', 'Tuyển dụng'),
    ('44444444-0000-0000-0000-000000000003', 'Hoạt động công ty'),
    ('44444444-0000-0000-0000-000000000004', 'Khẩn'),
    ('44444444-0000-0000-0000-000000000005', 'Đào tạo')
ON CONFLICT DO NOTHING;


-- ============================================================================
-- 5. Users (19) — password_hash generated per-row via pgcrypto.
--    is_active = TRUE so every account can log in.
-- ============================================================================
INSERT INTO users (id, email, password_hash, is_active) VALUES
    ('55555555-0000-0000-0000-000000000001', 'tran.lan@exnodes.vn',        crypt('Exnodes@2026', gen_salt('bf', 12)), TRUE),
    ('55555555-0000-0000-0000-000000000002', 'pham.huong@exnodes.vn',      crypt('Exnodes@2026', gen_salt('bf', 12)), TRUE),
    ('55555555-0000-0000-0000-000000000003', 'le.minh@exnodes.vn',         crypt('Exnodes@2026', gen_salt('bf', 12)), TRUE),
    ('55555555-0000-0000-0000-000000000004', 'nguyen.an@exnodes.vn',       crypt('Exnodes@2026', gen_salt('bf', 12)), TRUE),
    ('55555555-0000-0000-0000-000000000005', 'do.quang@exnodes.vn',        crypt('Exnodes@2026', gen_salt('bf', 12)), TRUE),
    ('55555555-0000-0000-0000-000000000006', 'vo.tuan@exnodes.vn',         crypt('Exnodes@2026', gen_salt('bf', 12)), TRUE),
    ('55555555-0000-0000-0000-000000000007', 'hoang.duy@exnodes.vn',       crypt('Exnodes@2026', gen_salt('bf', 12)), TRUE),
    ('55555555-0000-0000-0000-000000000008', 'bui.thao@exnodes.vn',        crypt('Exnodes@2026', gen_salt('bf', 12)), TRUE),
    ('55555555-0000-0000-0000-000000000009', 'dang.huy@exnodes.vn',        crypt('Exnodes@2026', gen_salt('bf', 12)), TRUE),
    ('55555555-0000-0000-0000-000000000010', 'ngo.kien@exnodes.vn',        crypt('Exnodes@2026', gen_salt('bf', 12)), TRUE),
    ('55555555-0000-0000-0000-000000000011', 'pham.linh@exnodes.vn',       crypt('Exnodes@2026', gen_salt('bf', 12)), TRUE),
    ('55555555-0000-0000-0000-000000000012', 'tran.vy@exnodes.vn',         crypt('Exnodes@2026', gen_salt('bf', 12)), TRUE),
    ('55555555-0000-0000-0000-000000000013', 'nguyen.bao@exnodes.vn',      crypt('Exnodes@2026', gen_salt('bf', 12)), TRUE),
    ('55555555-0000-0000-0000-000000000014', 'le.hieu@exnodes.vn',         crypt('Exnodes@2026', gen_salt('bf', 12)), TRUE),
    ('55555555-0000-0000-0000-000000000015', 'phan.nhi@exnodes.vn',        crypt('Exnodes@2026', gen_salt('bf', 12)), TRUE),
    ('55555555-0000-0000-0000-000000000016', 'truong.son@exnodes.vn',      crypt('Exnodes@2026', gen_salt('bf', 12)), TRUE),
    ('55555555-0000-0000-0000-000000000017', 'mai.trang@exnodes.vn',       crypt('Exnodes@2026', gen_salt('bf', 12)), TRUE),
    ('55555555-0000-0000-0000-000000000018', 'duong.khoa@exnodes.vn',      crypt('Exnodes@2026', gen_salt('bf', 12)), TRUE),
    ('55555555-0000-0000-0000-000000000019', 'lam.phuc@exnodes.vn',        crypt('Exnodes@2026', gen_salt('bf', 12)), TRUE)
ON CONFLICT DO NOTHING;


-- ============================================================================
-- 6. Employees (19) — HR profile rows, 1-1 with users above.
--    department_id / position_id resolved via subquery on the records seeded
--    in sections 1-2 (and the base-seed departments by name).
--    employee #1 (Trần Thị Lan) is the HR Lead — used later as Admin role.
-- ============================================================================
INSERT INTO employees (
    id, user_id, full_name, phone, gender, dob,
    department_id, position_id,
    join_date, contract_type, contract_renewal, payment_method,
    basic_salary, insurance_salary
) VALUES
    ('66666666-0000-0000-0000-000000000001', '55555555-0000-0000-0000-000000000001', 'Trần Thị Lan',     '0901111001', 'female', '1988-04-12',
        (SELECT id FROM departments WHERE LOWER(name) = 'human resources' AND is_deleted = false),
        (SELECT id FROM positions WHERE LOWER(name) = 'hr specialist' AND is_deleted = false),
        '2020-01-15', 'official', 1, 'bank_transfer', 25000000, 25000000),
    ('66666666-0000-0000-0000-000000000002', '55555555-0000-0000-0000-000000000002', 'Phạm Thị Hương',   '0901111002', 'female', '1990-07-21',
        (SELECT id FROM departments WHERE LOWER(name) = 'human resources' AND is_deleted = false),
        (SELECT id FROM positions WHERE LOWER(name) = 'hr specialist' AND is_deleted = false),
        '2021-03-01', 'official', 1, 'bank_transfer', 18000000, 18000000),
    ('66666666-0000-0000-0000-000000000003', '55555555-0000-0000-0000-000000000003', 'Lê Văn Minh',      '0901111003', 'male',   '1985-11-03',
        (SELECT id FROM departments WHERE LOWER(name) = 'human resources' AND is_deleted = false),
        (SELECT id FROM positions WHERE LOWER(name) = 'hr specialist' AND is_deleted = false),
        '2019-06-10', 'official', 2, 'bank_transfer', 22000000, 22000000),
    ('66666666-0000-0000-0000-000000000004', '55555555-0000-0000-0000-000000000004', 'Nguyễn Văn An',    '0901111004', 'male',   '1992-02-18',
        (SELECT id FROM departments WHERE LOWER(name) = 'backend' AND is_deleted = false),
        '22222222-0000-0000-0000-000000000001',
        '2020-09-01', 'official', 2, 'bank_transfer', 35000000, 30000000),
    ('66666666-0000-0000-0000-000000000005', '55555555-0000-0000-0000-000000000005', 'Đỗ Quang Hải',     '0901111005', 'male',   '1993-05-25',
        (SELECT id FROM departments WHERE LOWER(name) = 'backend' AND is_deleted = false),
        '22222222-0000-0000-0000-000000000001',
        '2021-01-15', 'official', 1, 'bank_transfer', 32000000, 28000000),
    ('66666666-0000-0000-0000-000000000006', '55555555-0000-0000-0000-000000000006', 'Võ Anh Tuấn',      '0901111006', 'male',   '1994-08-14',
        (SELECT id FROM departments WHERE LOWER(name) = 'backend' AND is_deleted = false),
        '22222222-0000-0000-0000-000000000001',
        '2022-02-01', 'official', 1, 'bank_transfer', 28000000, 25000000),
    ('66666666-0000-0000-0000-000000000007', '55555555-0000-0000-0000-000000000007', 'Hoàng Văn Duy',    '0901111007', 'male',   '1996-12-30',
        (SELECT id FROM departments WHERE LOWER(name) = 'backend' AND is_deleted = false),
        '22222222-0000-0000-0000-000000000002',
        '2023-04-01', 'official', 1, 'bank_transfer', 18000000, 18000000),
    ('66666666-0000-0000-0000-000000000008', '55555555-0000-0000-0000-000000000008', 'Bùi Thị Thảo',     '0901111008', 'female', '1995-09-09',
        (SELECT id FROM departments WHERE LOWER(name) = 'backend' AND is_deleted = false),
        '22222222-0000-0000-0000-000000000002',
        '2023-08-15', 'official', 1, 'bank_transfer', 20000000, 20000000),
    ('66666666-0000-0000-0000-000000000009', '55555555-0000-0000-0000-000000000009', 'Đặng Quốc Huy',    '0901111009', 'male',   '1997-03-22',
        (SELECT id FROM departments WHERE LOWER(name) = 'backend' AND is_deleted = false),
        '22222222-0000-0000-0000-000000000002',
        '2024-01-08', 'probation', 1, 'bank_transfer', 16000000, 16000000),
    ('66666666-0000-0000-0000-000000000010', '55555555-0000-0000-0000-000000000010', 'Ngô Trung Kiên',   '0901111010', 'male',   '1991-06-17',
        (SELECT id FROM departments WHERE LOWER(name) = 'mobile' AND is_deleted = false),
        '22222222-0000-0000-0000-000000000003',
        '2020-11-02', 'official', 2, 'bank_transfer', 33000000, 28000000),
    ('66666666-0000-0000-0000-000000000011', '55555555-0000-0000-0000-000000000011', 'Phạm Mỹ Linh',     '0901111011', 'female', '1993-10-11',
        (SELECT id FROM departments WHERE LOWER(name) = 'mobile' AND is_deleted = false),
        '22222222-0000-0000-0000-000000000003',
        '2021-07-19', 'official', 1, 'bank_transfer', 30000000, 26000000),
    ('66666666-0000-0000-0000-000000000012', '55555555-0000-0000-0000-000000000012', 'Trần Tường Vy',    '0901111012', 'female', '1996-01-28',
        (SELECT id FROM departments WHERE LOWER(name) = 'mobile' AND is_deleted = false),
        '22222222-0000-0000-0000-000000000004',
        '2023-05-10', 'official', 1, 'bank_transfer', 19000000, 19000000),
    ('66666666-0000-0000-0000-000000000013', '55555555-0000-0000-0000-000000000013', 'Nguyễn Gia Bảo',   '0901111013', 'male',   '1995-04-04',
        (SELECT id FROM departments WHERE LOWER(name) = 'mobile' AND is_deleted = false),
        '22222222-0000-0000-0000-000000000004',
        '2022-11-21', 'official', 1, 'bank_transfer', 22000000, 22000000),
    ('66666666-0000-0000-0000-000000000014', '55555555-0000-0000-0000-000000000014', 'Lê Trung Hiếu',    '0901111014', 'male',   '1989-08-08',
        '11111111-0000-0000-0000-000000000005',
        '22222222-0000-0000-0000-000000000006',
        '2020-04-13', 'official', 2, 'bank_transfer', 28000000, 25000000),
    ('66666666-0000-0000-0000-000000000015', '55555555-0000-0000-0000-000000000015', 'Phan Yến Nhi',     '0901111015', 'female', '1994-12-19',
        '11111111-0000-0000-0000-000000000005',
        '22222222-0000-0000-0000-000000000006',
        '2022-06-06', 'official', 1, 'bank_transfer', 20000000, 20000000),
    ('66666666-0000-0000-0000-000000000016', '55555555-0000-0000-0000-000000000016', 'Trương Hùng Sơn',  '0901111016', 'male',   '1992-07-07',
        '11111111-0000-0000-0000-000000000005',
        '22222222-0000-0000-0000-000000000006',
        '2024-03-04', 'probation', 1, 'cash',         15000000, 15000000),
    ('66666666-0000-0000-0000-000000000017', '55555555-0000-0000-0000-000000000017', 'Mai Thuỳ Trang',   '0901111017', 'female', '1990-03-15',
        '11111111-0000-0000-0000-000000000006',
        '22222222-0000-0000-0000-000000000007',
        '2019-09-23', 'official', 3, 'bank_transfer', 26000000, 24000000),
    ('66666666-0000-0000-0000-000000000018', '55555555-0000-0000-0000-000000000018', 'Dương Anh Khoa',   '0901111018', 'male',   '1993-11-29',
        '11111111-0000-0000-0000-000000000006',
        '22222222-0000-0000-0000-000000000007',
        '2021-12-01', 'official', 1, 'bank_transfer', 21000000, 21000000),
    ('66666666-0000-0000-0000-000000000019', '55555555-0000-0000-0000-000000000019', 'Lâm Hồng Phúc',    '0901111019', 'male',   '1995-05-05',
        '11111111-0000-0000-0000-000000000006',
        '22222222-0000-0000-0000-000000000007',
        '2023-10-18', 'official', 1, 'bank_transfer', 18000000, 18000000)
ON CONFLICT DO NOTHING;


-- ============================================================================
-- 7. user_roles — role lookup by name (base seed creates Admin, HR Manager,
--    Manager, Employee in 000002 seed_service). Composite PK gives us free
--    idempotency.
-- ============================================================================

-- 1 Admin
INSERT INTO user_roles (user_id, role_id)
SELECT '55555555-0000-0000-0000-000000000001', r.id FROM roles r WHERE r.name = 'Admin'
ON CONFLICT (user_id, role_id) DO NOTHING;

-- 2 HR Managers (users 2, 3)
INSERT INTO user_roles (user_id, role_id)
SELECT u, r.id
FROM (VALUES ('55555555-0000-0000-0000-000000000002'::uuid),
             ('55555555-0000-0000-0000-000000000003'::uuid)) AS v(u),
     roles r
WHERE r.name = 'HR Manager'
ON CONFLICT (user_id, role_id) DO NOTHING;

-- 3 Managers (users 4 backend lead, 10 mobile lead, 17 finance lead)
INSERT INTO user_roles (user_id, role_id)
SELECT u, r.id
FROM (VALUES ('55555555-0000-0000-0000-000000000004'::uuid),
             ('55555555-0000-0000-0000-000000000010'::uuid),
             ('55555555-0000-0000-0000-000000000017'::uuid)) AS v(u),
     roles r
WHERE r.name = 'Manager'
ON CONFLICT (user_id, role_id) DO NOTHING;

-- 13 Employees (everyone else)
INSERT INTO user_roles (user_id, role_id)
SELECT u, r.id
FROM (VALUES ('55555555-0000-0000-0000-000000000005'::uuid),
             ('55555555-0000-0000-0000-000000000006'::uuid),
             ('55555555-0000-0000-0000-000000000007'::uuid),
             ('55555555-0000-0000-0000-000000000008'::uuid),
             ('55555555-0000-0000-0000-000000000009'::uuid),
             ('55555555-0000-0000-0000-000000000011'::uuid),
             ('55555555-0000-0000-0000-000000000012'::uuid),
             ('55555555-0000-0000-0000-000000000013'::uuid),
             ('55555555-0000-0000-0000-000000000014'::uuid),
             ('55555555-0000-0000-0000-000000000015'::uuid),
             ('55555555-0000-0000-0000-000000000016'::uuid),
             ('55555555-0000-0000-0000-000000000018'::uuid),
             ('55555555-0000-0000-0000-000000000019'::uuid)) AS v(u),
     roles r
WHERE r.name = 'Employee'
ON CONFLICT (user_id, role_id) DO NOTHING;


-- ============================================================================
-- 8. Dependents — distributed across 6 employees (15 total).
-- ============================================================================
INSERT INTO dependents (id, employee_id, full_name, dob, gender, relationship) VALUES
    -- Trần Thị Lan (#1) — spouse + 2 children
    ('77777777-0000-0000-0000-000000000001', '66666666-0000-0000-0000-000000000001', 'Nguyễn Văn Tâm',   '1986-02-10', 'male',   'spouse'),
    ('77777777-0000-0000-0000-000000000002', '66666666-0000-0000-0000-000000000001', 'Nguyễn Lan Anh',   '2014-08-20', 'female', 'child'),
    ('77777777-0000-0000-0000-000000000003', '66666666-0000-0000-0000-000000000001', 'Nguyễn Minh Quân', '2018-03-05', 'male',   'child'),
    -- Lê Văn Minh (#3) — spouse + 1 child
    ('77777777-0000-0000-0000-000000000004', '66666666-0000-0000-0000-000000000003', 'Trần Bích Ngọc',   '1987-09-14', 'female', 'spouse'),
    ('77777777-0000-0000-0000-000000000005', '66666666-0000-0000-0000-000000000003', 'Lê Bảo Châu',      '2015-11-02', 'female', 'child'),
    -- Nguyễn Văn An (#4) — spouse + 1 child
    ('77777777-0000-0000-0000-000000000006', '66666666-0000-0000-0000-000000000004', 'Phạm Thu Hà',      '1994-06-18', 'female', 'spouse'),
    ('77777777-0000-0000-0000-000000000007', '66666666-0000-0000-0000-000000000004', 'Nguyễn Bảo Long',  '2020-12-01', 'male',   'child'),
    -- Ngô Trung Kiên (#10) — spouse + 2 children
    ('77777777-0000-0000-0000-000000000008', '66666666-0000-0000-0000-000000000010', 'Hà Phương Mai',    '1992-04-22', 'female', 'spouse'),
    ('77777777-0000-0000-0000-000000000009', '66666666-0000-0000-0000-000000000010', 'Ngô Khánh Linh',   '2017-06-10', 'female', 'child'),
    ('77777777-0000-0000-0000-000000000010', '66666666-0000-0000-0000-000000000010', 'Ngô Khánh Minh',   '2019-09-25', 'male',   'child'),
    -- Lê Trung Hiếu (#14) — spouse + parent
    ('77777777-0000-0000-0000-000000000011', '66666666-0000-0000-0000-000000000014', 'Vũ Thanh Trúc',    '1990-01-30', 'female', 'spouse'),
    ('77777777-0000-0000-0000-000000000012', '66666666-0000-0000-0000-000000000014', 'Lê Văn Hùng',      '1962-10-08', 'male',   'parent'),
    -- Mai Thuỳ Trang (#17) — spouse + 2 children
    ('77777777-0000-0000-0000-000000000013', '66666666-0000-0000-0000-000000000017', 'Đinh Quang Vinh',  '1988-07-04', 'male',   'spouse'),
    ('77777777-0000-0000-0000-000000000014', '66666666-0000-0000-0000-000000000017', 'Đinh Bảo Hà',      '2016-02-14', 'female', 'child'),
    ('77777777-0000-0000-0000-000000000015', '66666666-0000-0000-0000-000000000017', 'Đinh Bảo Nam',     '2019-11-11', 'male',   'child')
ON CONFLICT DO NOTHING;


-- ============================================================================
-- 9. employee_skills — 2-4 skills per employee (~50 links total).
-- ============================================================================
INSERT INTO employee_skills (id, employee_id, skill_id)
SELECT v.id::uuid, v.employee_id::uuid, v.skill_id::uuid FROM (VALUES
    -- HR (#1, #2, #3): English, Excel
    ('88888888-0000-0000-0000-000000000001', '66666666-0000-0000-0000-000000000001', '33333333-0000-0000-0000-000000000010'),
    ('88888888-0000-0000-0000-000000000002', '66666666-0000-0000-0000-000000000001', '33333333-0000-0000-0000-000000000009'),
    ('88888888-0000-0000-0000-000000000003', '66666666-0000-0000-0000-000000000002', '33333333-0000-0000-0000-000000000010'),
    ('88888888-0000-0000-0000-000000000004', '66666666-0000-0000-0000-000000000002', '33333333-0000-0000-0000-000000000009'),
    ('88888888-0000-0000-0000-000000000005', '66666666-0000-0000-0000-000000000003', '33333333-0000-0000-0000-000000000010'),
    -- Backend (#4..#9): Go, PostgreSQL, Docker, AWS, gRPC, Redis
    ('88888888-0000-0000-0000-000000000006', '66666666-0000-0000-0000-000000000004', '33333333-0000-0000-0000-000000000001'),
    ('88888888-0000-0000-0000-000000000007', '66666666-0000-0000-0000-000000000004', '33333333-0000-0000-0000-000000000003'),
    ('88888888-0000-0000-0000-000000000008', '66666666-0000-0000-0000-000000000004', '33333333-0000-0000-0000-000000000005'),
    ('88888888-0000-0000-0000-000000000009', '66666666-0000-0000-0000-000000000004', '33333333-0000-0000-0000-000000000007'),
    ('88888888-0000-0000-0000-000000000010', '66666666-0000-0000-0000-000000000005', '33333333-0000-0000-0000-000000000001'),
    ('88888888-0000-0000-0000-000000000011', '66666666-0000-0000-0000-000000000005', '33333333-0000-0000-0000-000000000003'),
    ('88888888-0000-0000-0000-000000000012', '66666666-0000-0000-0000-000000000005', '33333333-0000-0000-0000-000000000019'),
    ('88888888-0000-0000-0000-000000000013', '66666666-0000-0000-0000-000000000006', '33333333-0000-0000-0000-000000000001'),
    ('88888888-0000-0000-0000-000000000014', '66666666-0000-0000-0000-000000000006', '33333333-0000-0000-0000-000000000020'),
    ('88888888-0000-0000-0000-000000000015', '66666666-0000-0000-0000-000000000007', '33333333-0000-0000-0000-000000000001'),
    ('88888888-0000-0000-0000-000000000016', '66666666-0000-0000-0000-000000000007', '33333333-0000-0000-0000-000000000005'),
    ('88888888-0000-0000-0000-000000000017', '66666666-0000-0000-0000-000000000008', '33333333-0000-0000-0000-000000000001'),
    ('88888888-0000-0000-0000-000000000018', '66666666-0000-0000-0000-000000000008', '33333333-0000-0000-0000-000000000012'),
    ('88888888-0000-0000-0000-000000000019', '66666666-0000-0000-0000-000000000009', '33333333-0000-0000-0000-000000000001'),
    ('88888888-0000-0000-0000-000000000020', '66666666-0000-0000-0000-000000000009', '33333333-0000-0000-0000-000000000003'),
    -- Mobile (#10..#13): React, TypeScript, Next.js, Tailwind
    ('88888888-0000-0000-0000-000000000021', '66666666-0000-0000-0000-000000000010', '33333333-0000-0000-0000-000000000002'),
    ('88888888-0000-0000-0000-000000000022', '66666666-0000-0000-0000-000000000010', '33333333-0000-0000-0000-000000000004'),
    ('88888888-0000-0000-0000-000000000023', '66666666-0000-0000-0000-000000000010', '33333333-0000-0000-0000-000000000016'),
    ('88888888-0000-0000-0000-000000000024', '66666666-0000-0000-0000-000000000011', '33333333-0000-0000-0000-000000000002'),
    ('88888888-0000-0000-0000-000000000025', '66666666-0000-0000-0000-000000000011', '33333333-0000-0000-0000-000000000017'),
    ('88888888-0000-0000-0000-000000000026', '66666666-0000-0000-0000-000000000012', '33333333-0000-0000-0000-000000000002'),
    ('88888888-0000-0000-0000-000000000027', '66666666-0000-0000-0000-000000000012', '33333333-0000-0000-0000-000000000004'),
    ('88888888-0000-0000-0000-000000000028', '66666666-0000-0000-0000-000000000013', '33333333-0000-0000-0000-000000000002'),
    ('88888888-0000-0000-0000-000000000029', '66666666-0000-0000-0000-000000000013', '33333333-0000-0000-0000-000000000015'),
    -- Marketing (#14, #15, #16): Figma, Photoshop, English
    ('88888888-0000-0000-0000-000000000030', '66666666-0000-0000-0000-000000000014', '33333333-0000-0000-0000-000000000008'),
    ('88888888-0000-0000-0000-000000000031', '66666666-0000-0000-0000-000000000014', '33333333-0000-0000-0000-000000000011'),
    ('88888888-0000-0000-0000-000000000032', '66666666-0000-0000-0000-000000000014', '33333333-0000-0000-0000-000000000010'),
    ('88888888-0000-0000-0000-000000000033', '66666666-0000-0000-0000-000000000015', '33333333-0000-0000-0000-000000000008'),
    ('88888888-0000-0000-0000-000000000034', '66666666-0000-0000-0000-000000000015', '33333333-0000-0000-0000-000000000011'),
    ('88888888-0000-0000-0000-000000000035', '66666666-0000-0000-0000-000000000016', '33333333-0000-0000-0000-000000000011'),
    ('88888888-0000-0000-0000-000000000036', '66666666-0000-0000-0000-000000000016', '33333333-0000-0000-0000-000000000009'),
    -- Finance (#17, #18, #19): Excel, SQL
    ('88888888-0000-0000-0000-000000000037', '66666666-0000-0000-0000-000000000017', '33333333-0000-0000-0000-000000000009'),
    ('88888888-0000-0000-0000-000000000038', '66666666-0000-0000-0000-000000000017', '33333333-0000-0000-0000-000000000012'),
    ('88888888-0000-0000-0000-000000000039', '66666666-0000-0000-0000-000000000017', '33333333-0000-0000-0000-000000000010'),
    ('88888888-0000-0000-0000-000000000040', '66666666-0000-0000-0000-000000000018', '33333333-0000-0000-0000-000000000009'),
    ('88888888-0000-0000-0000-000000000041', '66666666-0000-0000-0000-000000000018', '33333333-0000-0000-0000-000000000012'),
    ('88888888-0000-0000-0000-000000000042', '66666666-0000-0000-0000-000000000019', '33333333-0000-0000-0000-000000000009')
) AS v(id, employee_id, skill_id)
ON CONFLICT DO NOTHING;


-- ============================================================================
-- 10. employee_leave_quotas — one row per employee (UNIQUE constraint on
--     employee_id). annual_leave_quota / sick_leave_quota are columns, not
--     separate rows per leave_type.
-- ============================================================================
INSERT INTO employee_leave_quotas (id, employee_id, annual_leave_quota, sick_leave_quota)
SELECT
    ('99999999-0000-0000-0000-' || LPAD(e.idx::text, 12, '0'))::uuid,
    e.employee_id::uuid,
    12.00,
    6.00
FROM (VALUES
    (1,  '66666666-0000-0000-0000-000000000001'),
    (2,  '66666666-0000-0000-0000-000000000002'),
    (3,  '66666666-0000-0000-0000-000000000003'),
    (4,  '66666666-0000-0000-0000-000000000004'),
    (5,  '66666666-0000-0000-0000-000000000005'),
    (6,  '66666666-0000-0000-0000-000000000006'),
    (7,  '66666666-0000-0000-0000-000000000007'),
    (8,  '66666666-0000-0000-0000-000000000008'),
    (9,  '66666666-0000-0000-0000-000000000009'),
    (10, '66666666-0000-0000-0000-000000000010'),
    (11, '66666666-0000-0000-0000-000000000011'),
    (12, '66666666-0000-0000-0000-000000000012'),
    (13, '66666666-0000-0000-0000-000000000013'),
    (14, '66666666-0000-0000-0000-000000000014'),
    (15, '66666666-0000-0000-0000-000000000015'),
    (16, '66666666-0000-0000-0000-000000000016'),
    (17, '66666666-0000-0000-0000-000000000017'),
    (18, '66666666-0000-0000-0000-000000000018'),
    (19, '66666666-0000-0000-0000-000000000019')
) AS e(idx, employee_id)
ON CONFLICT (employee_id) DO NOTHING;


-- ============================================================================
-- 11. leave_requests — 25 rows, status mix (10 approved, 8 pending, 5
--     rejected, 2 cancelled). Dates span Jan-May 2026.
-- ============================================================================
INSERT INTO leave_requests (
    id, employee_id, from_date, to_date, leave_period, leave_type,
    total_days, reason, status, created_by
) VALUES
    -- Approved (10)
    ('aaaaaaaa-0000-0000-0000-000000000001', '66666666-0000-0000-0000-000000000004', '2026-01-05', '2026-01-06', 'full_day',       'annual',   2.0, 'Đi du lịch Tết',                'approved', '66666666-0000-0000-0000-000000000004'),
    ('aaaaaaaa-0000-0000-0000-000000000002', '66666666-0000-0000-0000-000000000005', '2026-01-12', '2026-01-12', 'full_day',       'sick',     1.0, 'Cảm cúm',                       'approved', '66666666-0000-0000-0000-000000000005'),
    ('aaaaaaaa-0000-0000-0000-000000000003', '66666666-0000-0000-0000-000000000006', '2026-01-19', '2026-01-20', 'full_day',       'personal', 2.0, 'Việc gia đình',                 'approved', '66666666-0000-0000-0000-000000000006'),
    ('aaaaaaaa-0000-0000-0000-000000000004', '66666666-0000-0000-0000-000000000010', '2026-02-02', '2026-02-06', 'full_day',       'annual',   5.0, 'Nghỉ Tết Nguyên Đán',           'approved', '66666666-0000-0000-0000-000000000010'),
    ('aaaaaaaa-0000-0000-0000-000000000005', '66666666-0000-0000-0000-000000000011', '2026-02-09', '2026-02-09', 'morning_half',   'sick',     0.5, 'Khám sức khoẻ',                 'approved', '66666666-0000-0000-0000-000000000011'),
    ('aaaaaaaa-0000-0000-0000-000000000006', '66666666-0000-0000-0000-000000000014', '2026-03-03', '2026-03-04', 'full_day',       'annual',   2.0, 'Đi event marketing tỉnh',       'approved', '66666666-0000-0000-0000-000000000014'),
    ('aaaaaaaa-0000-0000-0000-000000000007', '66666666-0000-0000-0000-000000000017', '2026-03-16', '2026-03-16', 'full_day',       'sick',     1.0, 'Đau bụng',                      'approved', '66666666-0000-0000-0000-000000000017'),
    ('aaaaaaaa-0000-0000-0000-000000000008', '66666666-0000-0000-0000-000000000007', '2026-04-06', '2026-04-07', 'full_day',       'annual',   2.0, 'Nghỉ phép thường niên',         'approved', '66666666-0000-0000-0000-000000000007'),
    ('aaaaaaaa-0000-0000-0000-000000000009', '66666666-0000-0000-0000-000000000013', '2026-04-20', '2026-04-20', 'afternoon_half', 'personal', 0.5, 'Việc cá nhân buổi chiều',       'approved', '66666666-0000-0000-0000-000000000013'),
    ('aaaaaaaa-0000-0000-0000-000000000010', '66666666-0000-0000-0000-000000000019', '2026-05-04', '2026-05-04', 'full_day',       'annual',   1.0, 'Sinh nhật',                     'approved', '66666666-0000-0000-0000-000000000019'),
    -- Pending (8)
    ('aaaaaaaa-0000-0000-0000-000000000011', '66666666-0000-0000-0000-000000000008', '2026-05-25', '2026-05-26', 'full_day',       'annual',   2.0, 'Về quê',                        'pending',  '66666666-0000-0000-0000-000000000008'),
    ('aaaaaaaa-0000-0000-0000-000000000012', '66666666-0000-0000-0000-000000000009', '2026-05-28', '2026-05-28', 'full_day',       'sick',     1.0, 'Bệnh',                          'pending',  '66666666-0000-0000-0000-000000000009'),
    ('aaaaaaaa-0000-0000-0000-000000000013', '66666666-0000-0000-0000-000000000012', '2026-06-01', '2026-06-03', 'full_day',       'annual',   3.0, 'Đi nghỉ mát',                   'pending',  '66666666-0000-0000-0000-000000000012'),
    ('aaaaaaaa-0000-0000-0000-000000000014', '66666666-0000-0000-0000-000000000015', '2026-06-08', '2026-06-08', 'morning_half',   'personal', 0.5, 'Việc cá nhân',                  'pending',  '66666666-0000-0000-0000-000000000015'),
    ('aaaaaaaa-0000-0000-0000-000000000015', '66666666-0000-0000-0000-000000000016', '2026-06-10', '2026-06-12', 'full_day',       'unpaid',   3.0, 'Việc gia đình',                 'pending',  '66666666-0000-0000-0000-000000000016'),
    ('aaaaaaaa-0000-0000-0000-000000000016', '66666666-0000-0000-0000-000000000018', '2026-06-15', '2026-06-15', 'full_day',       'sick',     1.0, 'Cảm sốt',                       'pending',  '66666666-0000-0000-0000-000000000018'),
    ('aaaaaaaa-0000-0000-0000-000000000017', '66666666-0000-0000-0000-000000000005', '2026-06-22', '2026-06-23', 'full_day',       'annual',   2.0, 'Tour Đà Nẵng',                  'pending',  '66666666-0000-0000-0000-000000000005'),
    ('aaaaaaaa-0000-0000-0000-000000000018', '66666666-0000-0000-0000-000000000004', '2026-06-29', '2026-06-29', 'afternoon_half', 'personal', 0.5, 'Đón con',                       'pending',  '66666666-0000-0000-0000-000000000004'),
    -- Rejected (5)
    ('aaaaaaaa-0000-0000-0000-000000000019', '66666666-0000-0000-0000-000000000006', '2026-02-23', '2026-03-01', 'full_day',       'annual',   7.0, 'Du lịch dài ngày',              'rejected', '66666666-0000-0000-0000-000000000006'),
    ('aaaaaaaa-0000-0000-0000-000000000020', '66666666-0000-0000-0000-000000000007', '2026-03-09', '2026-03-13', 'full_day',       'unpaid',   5.0, 'Việc riêng',                    'rejected', '66666666-0000-0000-0000-000000000007'),
    ('aaaaaaaa-0000-0000-0000-000000000021', '66666666-0000-0000-0000-000000000008', '2026-04-06', '2026-04-10', 'full_day',       'annual',   5.0, 'Đi học chứng chỉ',              'rejected', '66666666-0000-0000-0000-000000000008'),
    ('aaaaaaaa-0000-0000-0000-000000000022', '66666666-0000-0000-0000-000000000011', '2026-04-13', '2026-04-13', 'full_day',       'personal', 1.0, 'Việc đột xuất',                 'rejected', '66666666-0000-0000-0000-000000000011'),
    ('aaaaaaaa-0000-0000-0000-000000000023', '66666666-0000-0000-0000-000000000016', '2026-05-11', '2026-05-15', 'full_day',       'annual',   5.0, 'Đi chơi với bạn',               'rejected', '66666666-0000-0000-0000-000000000016'),
    -- Cancelled (2)
    ('aaaaaaaa-0000-0000-0000-000000000024', '66666666-0000-0000-0000-000000000012', '2026-03-23', '2026-03-23', 'full_day',       'sick',     1.0, 'Đã đỡ, huỷ',                    'cancelled','66666666-0000-0000-0000-000000000012'),
    ('aaaaaaaa-0000-0000-0000-000000000025', '66666666-0000-0000-0000-000000000018', '2026-04-27', '2026-04-27', 'full_day',       'personal', 1.0, 'Không cần nghỉ nữa',            'cancelled','66666666-0000-0000-0000-000000000018')
ON CONFLICT DO NOTHING;


-- ============================================================================
-- 12. Attendance — 5 employees (#4, #5, #10, #14, #17) × 8 weekdays in
--     May 2026. UNIQUE(employee_id, date) gives idempotency.
--     Each attendance row gets a matching attendance_sessions row (one
--     session: check-in ~08:30, check-out ~17:30; one late, one half-day).
-- ============================================================================
INSERT INTO attendance (id, employee_id, date, is_late, is_half_day, work_location, notes)
VALUES
    ('bbbbbbbb-0000-0000-0000-000000000001', '66666666-0000-0000-0000-000000000004', '2026-05-04', FALSE, FALSE, 'office',  NULL),
    ('bbbbbbbb-0000-0000-0000-000000000002', '66666666-0000-0000-0000-000000000004', '2026-05-05', FALSE, FALSE, 'office',  NULL),
    ('bbbbbbbb-0000-0000-0000-000000000003', '66666666-0000-0000-0000-000000000004', '2026-05-06', FALSE, FALSE, 'remote',  'Work from home'),
    ('bbbbbbbb-0000-0000-0000-000000000004', '66666666-0000-0000-0000-000000000004', '2026-05-07', TRUE,  FALSE, 'office',  'Kẹt xe'),
    ('bbbbbbbb-0000-0000-0000-000000000005', '66666666-0000-0000-0000-000000000004', '2026-05-08', FALSE, FALSE, 'office',  NULL),
    ('bbbbbbbb-0000-0000-0000-000000000006', '66666666-0000-0000-0000-000000000004', '2026-05-11', FALSE, FALSE, 'office',  NULL),
    ('bbbbbbbb-0000-0000-0000-000000000007', '66666666-0000-0000-0000-000000000004', '2026-05-12', FALSE, FALSE, 'office',  NULL),
    ('bbbbbbbb-0000-0000-0000-000000000008', '66666666-0000-0000-0000-000000000004', '2026-05-13', FALSE, FALSE, 'hybrid',  NULL),

    ('bbbbbbbb-0000-0000-0000-000000000009', '66666666-0000-0000-0000-000000000005', '2026-05-04', FALSE, FALSE, 'office',  NULL),
    ('bbbbbbbb-0000-0000-0000-000000000010', '66666666-0000-0000-0000-000000000005', '2026-05-05', TRUE,  FALSE, 'office',  'Tới muộn'),
    ('bbbbbbbb-0000-0000-0000-000000000011', '66666666-0000-0000-0000-000000000005', '2026-05-06', FALSE, FALSE, 'office',  NULL),
    ('bbbbbbbb-0000-0000-0000-000000000012', '66666666-0000-0000-0000-000000000005', '2026-05-07', FALSE, FALSE, 'office',  NULL),
    ('bbbbbbbb-0000-0000-0000-000000000013', '66666666-0000-0000-0000-000000000005', '2026-05-08', FALSE, TRUE,  'office',  'Về sớm vì việc gia đình'),
    ('bbbbbbbb-0000-0000-0000-000000000014', '66666666-0000-0000-0000-000000000005', '2026-05-11', FALSE, FALSE, 'office',  NULL),
    ('bbbbbbbb-0000-0000-0000-000000000015', '66666666-0000-0000-0000-000000000005', '2026-05-12', FALSE, FALSE, 'office',  NULL),
    ('bbbbbbbb-0000-0000-0000-000000000016', '66666666-0000-0000-0000-000000000005', '2026-05-13', FALSE, FALSE, 'office',  NULL),

    ('bbbbbbbb-0000-0000-0000-000000000017', '66666666-0000-0000-0000-000000000010', '2026-05-04', FALSE, FALSE, 'office',  NULL),
    ('bbbbbbbb-0000-0000-0000-000000000018', '66666666-0000-0000-0000-000000000010', '2026-05-05', FALSE, FALSE, 'remote',  NULL),
    ('bbbbbbbb-0000-0000-0000-000000000019', '66666666-0000-0000-0000-000000000010', '2026-05-06', FALSE, FALSE, 'remote',  NULL),
    ('bbbbbbbb-0000-0000-0000-000000000020', '66666666-0000-0000-0000-000000000010', '2026-05-07', FALSE, FALSE, 'office',  NULL),
    ('bbbbbbbb-0000-0000-0000-000000000021', '66666666-0000-0000-0000-000000000010', '2026-05-08', FALSE, FALSE, 'office',  NULL),
    ('bbbbbbbb-0000-0000-0000-000000000022', '66666666-0000-0000-0000-000000000010', '2026-05-11', FALSE, FALSE, 'office',  NULL),
    ('bbbbbbbb-0000-0000-0000-000000000023', '66666666-0000-0000-0000-000000000010', '2026-05-12', TRUE,  FALSE, 'office',  'Họp client trễ'),
    ('bbbbbbbb-0000-0000-0000-000000000024', '66666666-0000-0000-0000-000000000010', '2026-05-13', FALSE, FALSE, 'office',  NULL),

    ('bbbbbbbb-0000-0000-0000-000000000025', '66666666-0000-0000-0000-000000000014', '2026-05-04', FALSE, FALSE, 'office',  NULL),
    ('bbbbbbbb-0000-0000-0000-000000000026', '66666666-0000-0000-0000-000000000014', '2026-05-05', FALSE, FALSE, 'office',  NULL),
    ('bbbbbbbb-0000-0000-0000-000000000027', '66666666-0000-0000-0000-000000000014', '2026-05-06', FALSE, FALSE, 'office',  NULL),
    ('bbbbbbbb-0000-0000-0000-000000000028', '66666666-0000-0000-0000-000000000014', '2026-05-07', FALSE, FALSE, 'field',   'Event tỉnh'),
    ('bbbbbbbb-0000-0000-0000-000000000029', '66666666-0000-0000-0000-000000000014', '2026-05-08', FALSE, FALSE, 'field',   'Event tỉnh'),
    ('bbbbbbbb-0000-0000-0000-000000000030', '66666666-0000-0000-0000-000000000014', '2026-05-11', FALSE, FALSE, 'office',  NULL),
    ('bbbbbbbb-0000-0000-0000-000000000031', '66666666-0000-0000-0000-000000000014', '2026-05-12', FALSE, FALSE, 'office',  NULL),
    ('bbbbbbbb-0000-0000-0000-000000000032', '66666666-0000-0000-0000-000000000014', '2026-05-13', FALSE, FALSE, 'office',  NULL),

    ('bbbbbbbb-0000-0000-0000-000000000033', '66666666-0000-0000-0000-000000000017', '2026-05-04', FALSE, FALSE, 'office',  NULL),
    ('bbbbbbbb-0000-0000-0000-000000000034', '66666666-0000-0000-0000-000000000017', '2026-05-05', FALSE, FALSE, 'office',  NULL),
    ('bbbbbbbb-0000-0000-0000-000000000035', '66666666-0000-0000-0000-000000000017', '2026-05-06', FALSE, FALSE, 'office',  NULL),
    ('bbbbbbbb-0000-0000-0000-000000000036', '66666666-0000-0000-0000-000000000017', '2026-05-07', FALSE, FALSE, 'office',  NULL),
    ('bbbbbbbb-0000-0000-0000-000000000037', '66666666-0000-0000-0000-000000000017', '2026-05-08', FALSE, FALSE, 'office',  NULL),
    ('bbbbbbbb-0000-0000-0000-000000000038', '66666666-0000-0000-0000-000000000017', '2026-05-11', FALSE, FALSE, 'office',  NULL),
    ('bbbbbbbb-0000-0000-0000-000000000039', '66666666-0000-0000-0000-000000000017', '2026-05-12', FALSE, TRUE,  'office',  'Đưa con đi khám'),
    ('bbbbbbbb-0000-0000-0000-000000000040', '66666666-0000-0000-0000-000000000017', '2026-05-13', FALSE, FALSE, 'office',  NULL)
ON CONFLICT DO NOTHING;


-- One closed session per attendance row. check_in is 08:30 + late delta;
-- check_out is 17:30 — half-days end at 12:30. Times are in UTC.
INSERT INTO attendance_sessions (id, attendance_id, check_in, check_out, is_auto_checkout)
SELECT
    ('dddddddd-0000-0000-' || SUBSTRING(a.id::text, 20))::uuid,
    a.id,
    (a.date::timestamp + INTERVAL '8 hours 30 minutes' + CASE WHEN a.is_late THEN INTERVAL '45 minutes' ELSE INTERVAL '0' END) AT TIME ZONE 'Asia/Ho_Chi_Minh',
    (a.date::timestamp + CASE WHEN a.is_half_day THEN INTERVAL '12 hours 30 minutes' ELSE INTERVAL '17 hours 30 minutes' END) AT TIME ZONE 'Asia/Ho_Chi_Minh',
    FALSE
FROM attendance a
WHERE a.id::text LIKE 'bbbbbbbb-%'
  AND NOT EXISTS (
      SELECT 1 FROM attendance_sessions s
      WHERE s.attendance_id = a.id AND s.is_deleted = false
  );


-- ============================================================================
-- 13. Announcements — 10 rows, all published. Author = HR / Admin / Marketing.
-- ============================================================================
INSERT INTO announcements (
    id, title, body, summary, author_id, status, published_at,
    target_audience, pinned, cover_image_url
) VALUES
    ('cccccccc-0000-0000-0000-000000000001', 'Chào mừng năm mới 2026', 'Kính chào toàn thể nhân viên Exnodes. Ban giám đốc xin gửi lời chúc tốt đẹp nhất...', 'Lời chào năm mới',                   '66666666-0000-0000-0000-000000000001', 'published', '2026-01-02 08:00:00+07', 'all',        TRUE,  'https://example.com/banners/newyear-2026.jpg'),
    ('cccccccc-0000-0000-0000-000000000002', 'Lịch nghỉ Tết Nguyên Đán', 'Công ty nghỉ Tết từ 09/02/2026 đến hết 15/02/2026. Các phòng ban vui lòng sắp xếp công việc...', 'Nghỉ Tết 09/02 - 15/02',  '66666666-0000-0000-0000-000000000001', 'published', '2026-01-15 09:00:00+07', 'all',        TRUE,  NULL),
    ('cccccccc-0000-0000-0000-000000000003', 'Tuyển dụng Backend Engineer', 'Phòng Engineering đang tuyển 2 Backend Senior. Vui lòng giới thiệu CV về HR trước 28/02...', 'Tuyển 2 Senior Backend',  '66666666-0000-0000-0000-000000000002', 'published', '2026-02-01 10:00:00+07', 'all',        FALSE, NULL),
    ('cccccccc-0000-0000-0000-000000000004', 'Workshop AWS cho team Backend', 'Thứ 7 tuần này có workshop AWS Solutions Architect Associate. Đăng ký với HR...', 'Workshop AWS - thứ 7',      '66666666-0000-0000-0000-000000000003', 'published', '2026-02-20 14:00:00+07', 'department', FALSE, NULL),
    ('cccccccc-0000-0000-0000-000000000005', 'Đào tạo nội bộ: Go Best Practices', 'Buổi đào tạo nội bộ về Go best practices, do anh Nguyễn Văn An phụ trách. Phòng họp lớn 14h thứ 5...', 'Đào tạo Go',          '66666666-0000-0000-0000-000000000003', 'published', '2026-03-04 10:00:00+07', 'department', FALSE, NULL),
    ('cccccccc-0000-0000-0000-000000000006', 'Cập nhật chính sách bảo hiểm y tế', 'Từ tháng 4, công ty mở rộng gói BHYT cho nhân viên chính thức + 2 người thân...', 'BHYT mở rộng',                  '66666666-0000-0000-0000-000000000001', 'published', '2026-03-20 08:00:00+07', 'all',        FALSE, NULL),
    ('cccccccc-0000-0000-0000-000000000007', 'Khẩn — Bảo trì hệ thống nội bộ 23:00 tối nay', 'Server email nội bộ sẽ bảo trì từ 23:00 - 02:00 đêm nay. Vui lòng lưu công việc và tắt máy...', 'Bảo trì email tối nay', '66666666-0000-0000-0000-000000000001', 'published', '2026-04-08 17:30:00+07', 'all',        TRUE,  NULL),
    ('cccccccc-0000-0000-0000-000000000008', 'Team building Q2 — Đà Lạt 23-25/5', 'Team building Q2 sẽ tổ chức tại Đà Lạt từ 23-25/5. HR sẽ gửi form đăng ký tuần này...', 'Team building Đà Lạt',         '66666666-0000-0000-0000-000000000002', 'published', '2026-04-22 09:00:00+07', 'all',        FALSE, 'https://example.com/banners/teambuilding.jpg'),
    ('cccccccc-0000-0000-0000-000000000009', 'Chiến dịch Marketing tháng 5', 'Phòng Marketing triển khai chiến dịch "Exnodes 6 năm" trên các kênh social...', 'Chiến dịch tháng 5',                   '66666666-0000-0000-0000-000000000014', 'published', '2026-05-01 10:00:00+07', 'department', FALSE, NULL),
    ('cccccccc-0000-0000-0000-000000000010', 'Quy định mới về chấm công remote', 'Bắt đầu 01/06, nhân viên WFH bắt buộc check-in qua app HRM trước 09:30. Vui lòng cập nhật app...', 'WFH check-in qua app',  '66666666-0000-0000-0000-000000000001', 'published', '2026-05-20 08:00:00+07', 'all',        FALSE, NULL)
ON CONFLICT DO NOTHING;


-- announcement_labels — link each announcement to 1-2 labels.
INSERT INTO announcement_labels (announcement_id, label_id) VALUES
    ('cccccccc-0000-0000-0000-000000000001', '44444444-0000-0000-0000-000000000001'),
    ('cccccccc-0000-0000-0000-000000000001', '44444444-0000-0000-0000-000000000003'),
    ('cccccccc-0000-0000-0000-000000000002', '44444444-0000-0000-0000-000000000001'),
    ('cccccccc-0000-0000-0000-000000000003', '44444444-0000-0000-0000-000000000002'),
    ('cccccccc-0000-0000-0000-000000000004', '44444444-0000-0000-0000-000000000005'),
    ('cccccccc-0000-0000-0000-000000000005', '44444444-0000-0000-0000-000000000005'),
    ('cccccccc-0000-0000-0000-000000000006', '44444444-0000-0000-0000-000000000001'),
    ('cccccccc-0000-0000-0000-000000000007', '44444444-0000-0000-0000-000000000004'),
    ('cccccccc-0000-0000-0000-000000000008', '44444444-0000-0000-0000-000000000003'),
    ('cccccccc-0000-0000-0000-000000000009', '44444444-0000-0000-0000-000000000003'),
    ('cccccccc-0000-0000-0000-000000000010', '44444444-0000-0000-0000-000000000001')
ON CONFLICT (announcement_id, label_id) DO NOTHING;


COMMIT;

\echo ''
\echo 'dev_fixtures: done. Login as <firstname>.<lastname>@exnodes.vn / Exnodes@2026'
\echo '  (e.g. nguyen.an@exnodes.vn, tran.lan@exnodes.vn — Admin role)'
